Название;Описание;Предусловие;Приоритет;Критичность;Статус;Тип;Слой;Теги;Шаги
NAVI2E-001: Сайт. Регистрация. Создание аккаунта с валидными данными;Позитивное тестирование регистрации на публичном сайте навигатора дополнительного образования. Mobile First.;"Пользователь не авторизован на сайте.
Открыта главная страница публичного сайта.";высокий;critical;актуальный;smoke;e2e;"registration/authorization;smoke";"Нажать кнопку регистрации. | Открывается форма регистрации. Чекбоксы согласий выключены, кнопка «Зарегистрироваться» неактивна.
Заполнить обязательные поля валидными данными и отметить чекбоксы согласий. | Кнопка «Зарегистрироваться» становится активной.
Нажать кнопку «Зарегистрироваться». | Появляется уведомление об успешной регистрации и о том, что на почту отправлено письмо для подтверждения. Пользователь авторизован: в шапке отображается ФИО.
Нажать кнопку «ОК» в уведомлении. | Уведомление закрывается. Пользователь остаётся на главной странице и остаётся авторизованным."
NAVI2E-002: Сайт. Личный кабинет. Добавление профиля обучающегося;Позитивное тестирование создания профиля обучающегося в личном кабинете родителя. Mobile First.;"Пользователь авторизован на сайте.
Открыта главная страница публичного сайта.";высокий;critical;актуальный;smoke;e2e;"registration/authorization;smoke";"Нажать на ФИО пользователя в шапке сайта. | Открывается личный кабинет.
Открыть раздел «Обучающиеся». | Отображается раздел «Обучающиеся» и кнопка «Добавить профиль обучающегося».
Нажать кнопку «Добавить профиль обучающегося». | Открывается форма добавления профиля. Доступна кнопка «Назад».
Заполнить обязательные поля валидными данными и выбрать пол из списка. | Введённые значения отображаются в форме, кнопка «Добавить профиль обучающегося» доступна.
Нажать кнопку «Добавить профиль обучающегося». | Профиль создан. В разделе «Обучающиеся» отображаются имя, возраст и иконка выбранного пола. У профиля есть признак неподтверждённых данных и кнопка «Изменить данные»."
NAVI2E-003: Сайт. Регистрация. Подтверждение электронной почты;Позитивное тестирование подтверждения электронной почты после регистрации на публичном сайте. Mobile First.;"Пользователь зарегистрирован, электронная почта ещё не подтверждена.
Письмо со ссылкой подтверждения отправлено и доступно в тестовом почтовом сервисе.";высокий;critical;актуальный;smoke;e2e;"registration/authorization;smoke";"Открыть письмо о регистрации в тестовом почтовом сервисе. | В письме есть ссылка для подтверждения электронной почты.
Перейти по ссылке подтверждения из письма. | Открывается страница с сообщением, что электронная почта подтверждена, и ссылкой «Перейти в навигатор».
Нажать ссылку «Перейти в навигатор». | Открывается главная страница. Пользователь авторизован: в шапке отображается ФИО."
NAVI2E-004: Сайт. Личный кабинет. Редактирование регистрационных данных;Позитивное тестирование сохранения регистрационных данных авторизованного пользователя. Mobile First.;"Пользователь авторизован на сайте.
Открыт личный кабинет.";высокий;critical;актуальный;smoke;e2e;"cabinet;smoke";"Открыть «Личные данные». | Открывается форма «Регистрационные данные»: имя, фамилия, отчество, муниципалитет, телефон и почта. Доступны «Сохранить изменения» и «Отменить изменения».
Изменить имя, фамилию и телефон на другие валидные значения. | Новые значения отображаются в полях.
Нажать «Сохранить изменения». | Появляется сообщение, что изменения сохранены. В шапке отображается обновлённое ФИО.
Просмотреть блок «Авторизация» ниже формы. | Доступны поля нового пароля и кнопка «Изменить пароль». Ниже есть заявления на удаление и изменение персональных данных."
NAVI2E-004: Сайт. Программы. Поиск по строке;Позитивное тестирование поиска опубликованной программы по точному названию. Mobile First.;"На сайте опубликована программа, известно её точное название.
Открыта главная страница публичного сайта.";высокий;critical;актуальный;smoke;e2e;"programs;smoke";"Найти строку поиска программ. | Строка поиска доступна.
Ввести точное название опубликованной программы. | В выпадающем списке появляется эта программа.
Выбрать программу в выпадающем списке. | Открывается карточка выбранной программы."
NAVI2E-005: Сайт. Личный кабинет. Редактирование данных обучающегося;Позитивное тестирование изменения данных неподтверждённого профиля обучающегося в личном кабинете. Mobile First.;"Пользователь авторизован на сайте.
В кабинете есть неподтверждённый профиль обучающегося: у него отображается значок предупреждения.
Открыта главная страница публичного сайта.";высокий;critical;актуальный;smoke;e2e;"registration/authorization;smoke";"Нажать на ФИО пользователя в шапке сайта. | Открывается личный кабинет.
Открыть раздел «Обучающиеся». | В списке есть неподтверждённый профиль с кнопкой «Изменить данные».
Нажать «Изменить данные» у неподтверждённого профиля. | Открывается форма с текущими данными профиля. Доступны кнопки «Сохранить» и «Назад».
Изменить фамилию, имя, дату рождения и пол на другие валидные значения. | Новые значения отображаются в полях формы.
Нажать кнопку «Сохранить». | На карточке профиля отображаются обновлённые имя и возраст. Иконка соответствует выбранному полу."
NAVI2E-006: Сайт. Восстановление пароля;Позитивное тестирование восстановления пароля: запрос нового пароля на электронную почту и вход с ним. Mobile First.;"Есть зарегистрированный аккаунт, известен его email.
Пользователь не авторизован на сайте.
Открыта главная страница публичного сайта.
Доступен тестовый почтовый сервис.";высокий;critical;актуальный;smoke;e2e;"registration/authorization;smoke";"Нажать кнопку входа. | Открывается окно с вкладками «Регистрация», «Вход» и «Не помню пароль».
Открыть вкладку «Не помню пароль». | Отображаются поле email и кнопка «Восстановить мой пароль».
Ввести email зарегистрированного пользователя. | Email отображается в поле.
Нажать кнопку «Восстановить мой пароль». | Появляется уведомление, что новый пароль будет отправлен на указанный электронный адрес.
Открыть письмо о восстановлении пароля в тестовом почтовом сервисе. | В письме указан новый пароль.
Открыть вкладку «Вход». | Отображается форма входа с полями email и пароля.
Ввести email аккаунта и пароль из письма. | Значения отображаются в полях, кнопка «Войти» доступна.
Нажать кнопку «Войти». | Пользователь авторизован и находится на главной странице. В шапке отображается ФИО."
NAVI2E-007: Сайт. Программы. Поиск через каталог;Позитивное тестирование выбора программы через кнопку «Каталог»: направления и направленности. Mobile First.;"На сайте опубликованы программы разных направлений.
Открыта главная страница публичного сайта.";высокий;critical;актуальный;smoke;e2e;"programs;smoke";"Нажать кнопку «Каталог». | Открывается список направлений.
Раскрыть направление, в котором есть опубликованные программы. | Отображаются направленности этого направления. Напротив каждой направленности указано количество программ.
Выбрать направленность. | Открывается список программ выбранной направленности.
Открыть карточку программы из списка. | Открывается карточка выбранной программы."
NAVI2E-008: Сайт. Программы. Фильтрация в каталоге;Позитивное тестирование фильтров каталога программ. Mobile First.;"В каталоге есть опубликованные программы с разным возрастом, направленностью и условиями оплаты.
Открыт каталог программ на публичном сайте.";высокий;critical;актуальный;smoke;e2e;"programs;smoke";"Нажать кнопку фильтра. | Открывается панель «Фильтры программ». Доступны муниципалитет, направленность, возраст и кнопки «Сбросить» и «Применить».
Выбрать возраст, направленность и оплату сертификатом. | Условия задаются в панели. Доступны также форма обучения и признак открытой записи. Кнопка «Применить» доступна.
Нажать кнопку «Применить». | В списке остаются программы, которые подходят по всем выбранным условиям.
Нажать кнопку «Сбросить». | Условия фильтрации сняты. В каталоге снова отображаются опубликованные программы без этих ограничений."
NAVI2E-009: Сайт. Авторизация. Вход с неверным паролем;Негативное тестирование входа на публичный сайт с валидным email и неверным паролем. Mobile First.;"Есть зарегистрированный аккаунт пользователя.
Известен валидный email этого аккаунта.
Пользователь не авторизован на сайте.
Открыта главная страница публичного сайта.";высокий;major;актуальный;functional;e2e;"registration/authorization;functional";"Нажать кнопку входа. | Открывается форма входа.
Ввести валидный email и неверный пароль. | Значения отображаются в полях формы. Кнопка входа доступна.
Нажать кнопку входа. | Вход не выполняется. Показывается уведомление о неверном email или пароле. Поля подсвечиваются ошибкой. Доступен переход к восстановлению пароля."
NAVI2E-010: Сайт. Программы. Поиск по идентификатору;Позитивное тестирование поиска опубликованной программы по уникальному идентификатору. Mobile First.;"На сайте опубликована программа, известен её уникальный идентификатор.
Открыта главная страница публичного сайта.";высокий;critical;актуальный;smoke;e2e;"programs;smoke";"В строку поиска ввести уникальный идентификатор опубликованной программы. | В выпадающем списке появляется эта программа.
Выбрать программу в выпадающем списке. | Открывается карточка выбранной программы."
NAVI2E-037: Сайт. Программа. Отображение опубликованной программы;Позитивное тестирование отображения опубликованной программы в каталоге и на карточке. Mobile First.;"На сайте есть опубликованная программа с обложкой, группой и открытыми параметрами.
Открыта главная страница публичного сайта.";высокий;critical;актуальный;smoke;e2e;"programs;smoke";"Найти программу в блоке «Каталог программ». | У карточки есть обложка, название и кнопка «Подробнее».
Нажать «Подробнее». | Открывается карточка программы: галерея, название и запись через Навигатор.
Просмотреть параметры выбранной группы. | Отображаются артикул, преподаватель, возраст, период освоения, расписание, адрес, форма обучения и план приёма. Ниже указаны стоимость и организатор."
NAVI2E-039: Сайт. Программы. Подача заявки;Позитивное тестирование подачи заявки на программу через публичный сайт: выбор группы или класса, затем запись через Навигатор. Mobile First.;"Пользователь авторизован, в профиле есть подходящий ребёнок.
Есть опубликованная программа с группой или классом, открытым приёмом и свободными местами.
На этого ребёнка заявка в выбранную группу или класс ещё не подавалась.";высокий;critical;актуальный;smoke;e2e;"programs;smoke";"Открыть карточку программы из предусловий. | На карточке есть список «Выберите группу» и запись через Навигатор.
В списке «Выберите группу» выбрать группу или класс с открытым приёмом. | В списке видны артикул, преподаватель, возраст, расписание, адрес и период освоения. Данные карточки соответствуют выбранной группе или классу.
Нажать «Записаться через Навигатор». | Открывается форма «Оформление заявки»: программа, выбранная группа или класс, параметры обучения и список обучающихся.
Отметить подходящего ребёнка. | Ребёнок выбран, кнопка «Подать заявку» становится активной.
Нажать «Подать заявку». | Появляется сообщение, что заявка принята и будет обработана. Есть предупреждение, что заявка не является зачислением, и кнопка «Да, понятно».
Нажать «Да, понятно». | Пользователь возвращается на карточку той же программы."
NAVI2E-040: Сайт. Программа. Поделиться;Позитивное тестирование окна «Поделиться» на карточке опубликованной программы. Mobile First.;"На сайте есть опубликованная программа.
Открыта карточка этой программы.";высокий;critical;актуальный;smoke;e2e;"programs;smoke";"Найти на карточке кнопку «Поделиться». | Кнопка «Поделиться» доступна на карточке.
Нажать «Поделиться». | Открывается окно «Поделиться» с иконками социальных сетей и копирования ссылки. Окно закрывается крестиком."
NAVI2E-042: Сайт. Программа. Описание и данные карточки;Позитивное тестирование состава карточки опубликованной программы: группа, параметры и описание. Mobile First.;"На сайте есть опубликованная программа с заполненным описанием и хотя бы одной группой или классом.
Открыта карточка этой программы.";высокий;critical;актуальный;smoke;e2e;"programs;smoke";"Просмотреть верх карточки. | Отображаются галерея, название программы и запись через Навигатор.
Открыть список «Выберите группу» и выбрать группу или класс. | В пункте списка видны артикул, преподаватель, возраст, расписание, адрес и период освоения.
Просмотреть параметры карточки после выбора. | На карточке отображаются данные выбранной группы или класса: артикул, преподаватель, возраст, период, расписание, адрес, форма обучения и план приёма.
Открыть раздел «О программе». | Отображается текст описания. Ниже доступны разделы «Отзывы» и «Анкеты»."
NAVI2E-043: Сайт. Программа. Расписание группы;Позитивное тестирование отображения расписания и периода освоения выбранной группы. Mobile First.;"На сайте есть опубликованная программа.
У группы или класса заполнены расписание и период освоения.
Открыта карточка этой программы.";высокий;critical;актуальный;smoke;e2e;"programs;smoke";"Просмотреть параметры выбранной группы. | У группы указаны расписание по дням и времени и период освоения с общим числом часов.
Открыть список «Выберите группу». | В пункте группы или класса тоже указаны расписание, адрес и период освоения."
NAVI2E-044: Сайт. Программа. Просмотр отзывов;Позитивное тестирование просмотра опубликованных отзывов на карточке программы. Mobile First.;"У опубликованной программы есть опубликованный отзыв.
Открыта карточка этой программы.";высокий;critical;актуальный;smoke;e2e;"programs;smoke";Открыть раздел «Отзывы». | Отображаются средний рейтинг, число оценок и кнопка «Написать отзыв». У опубликованного отзыва видны автор, дата, оценка и текст.
NAVI2E-045: Сайт. Программа. Анкета оценки качества;Позитивное тестирование заполнения анкеты на карточке программы. Mobile First.;"Пользователь авторизован на сайте.
У опубликованной программы есть анкета с вопросами по шкале оценок.
Открыта карточка этой программы.";высокий;critical;актуальный;smoke;e2e;"programs;smoke";"Открыть раздел «Анкеты». | Отображается анкета со шкалой оценок и кнопкой «Отправить анкету».
Нажать «Отправить анкету», не выбирая оценки. | Анкета не отправляется. У вопросов без ответа есть просьба выбрать ответ.
Выбрать оценку для каждого вопроса анкеты. | Выбранные оценки отмечены, кнопка «Отправить анкету» доступна.
Нажать «Отправить анкету». | Появляется благодарность за оценку. У отправленной анкеты остаются выбранные оценки, кнопка её повторной отправки скрыта."
NAVI2E-193: Сайт. Мероприятия. Календарь;Позитивное тестирование календаря мероприятий: текущий месяц, маркировка дат и переход к списку на выбранный день. Mobile First.;"На сайте есть опубликованные мероприятия на будущую и на прошедшую даты.
Пользователь находится вне раздела мероприятий.";высокий;critical;актуальный;smoke;e2e;"activities;smoke";"Открыть главную страницу публичного сайта. | Отображается главная страница, доступно меню сайта.
Открыть меню сайта. | В меню есть пункт «Мероприятия».
Нажать «Мероприятия». | Открывается календарь текущего месяца. Текущий день выделен. У будущих дат с мероприятиями зелёная иконка и количество, у прошедших — красная. Доступны выбор года, месяца и стрелки перехода.
Перейти к другому месяцу стрелкой или списком месяца. | Календарь показывает выбранный месяц. Селектор месяца и хлебные крошки обновлены.
Нажать день, на который есть будущее опубликованное мероприятие. | Открывается список мероприятий этой даты. У карточки есть краткое описание и кнопка «Подробнее»."
NAVI2E-194: Сайт. Мероприятия. Панель фильтрации;Позитивное тестирование открытия панели фильтрации календаря мероприятий. Mobile First.;Открыт календарь мероприятий на публичном сайте.;высокий;critical;актуальный;smoke;e2e;"activities;smoke";Нажать кнопку фильтра. | Открывается панель фильтрации. В ней есть муниципалитет, раздел, подраздел, уровень, категория участников, стоимость, организатор и признак открытой записи. Доступны «Сбросить всё» и «Применить». Панель закрывается.
NAVI2E-195: Сайт. Мероприятия. Список мероприятий организатора;Позитивное тестирование перехода к опубликованным мероприятиям организатора с карточки мероприятия. Mobile First.;"У организатора есть опубликованное мероприятие.
Открыта карточка этого мероприятия.";высокий;critical;актуальный;smoke;e2e;"activities;smoke";"Найти на карточке ссылку на все мероприятия организатора. | Ссылка на мероприятия организатора и контакты организации отображаются на карточке.
Нажать ссылку на все мероприятия организатора. | Открывается список мероприятий этого организатора. У карточки есть кнопка «Подробнее».
Нажать «Подробнее» у мероприятия из списка. | Открывается карточка выбранного мероприятия. В ней указан тот же организатор."
NAVI2E-196: Сайт. Мероприятия. Похожие мероприятия;Позитивное тестирование блока похожих мероприятий на карточке опубликованного мероприятия. Mobile First.;"Есть опубликованное мероприятие, в том же разделе опубликованы другие мероприятия.
Открыта карточка этого мероприятия.";высокий;critical;актуальный;smoke;e2e;"activities;smoke";"Просмотреть блок похожих мероприятий. | В блоке есть другие опубликованные мероприятия того же раздела. Текущее мероприятие в блоке не повторяется.
Открыть одно похожее мероприятие. | Открывается карточка выбранного мероприятия."
NAVI2E-197: Сайт. Мероприятия. Разделы и подразделы;Позитивное тестирование отбора мероприятий календаря по разделу и подразделу. Mobile First.;"Опубликованы мероприятия разных разделов и подразделов.
Открыт календарь мероприятий.";высокий;critical;актуальный;smoke;e2e;"activities;smoke";"Открыть панель фильтрации и выбрать раздел. | В поле раздела отображается выбранное значение. Кнопка «Применить» доступна.
Нажать «Применить». | В календаре остаются мероприятия выбранного раздела. Счётчики по дням пересчитаны.
Выбрать подраздел этого раздела и нажать «Применить». | Список подразделов соответствует выбранному разделу. В календаре остаются мероприятия этого подраздела.
Нажать «Сбросить всё». | Раздел и подраздел очищены. В календаре снова видны опубликованные мероприятия без этого отбора."
NAVI2E-198: Сайт. Мероприятия. Поиск;Позитивное тестирование поиска опубликованного мероприятия по части названия. Mobile First.;"На сайте есть опубликованное мероприятие, известно его название.
Открыт календарь мероприятий.";высокий;critical;актуальный;smoke;e2e;"activities;smoke";"Найти строку поиска мероприятий. | Строка поиска доступна на странице календаря.
Ввести часть названия опубликованного мероприятия без учёта регистра и выполнить поиск. | В результатах есть это мероприятие.
Открыть найденное мероприятие. | Открывается карточка этого мероприятия."
NAVI2E-199: Сайт. Мероприятия. Карточка;Позитивное тестирование карточки опубликованного мероприятия. Mobile First.;"На сайте есть опубликованное мероприятие с заполненными описанием, документами и параметрами проведения.
Открыт список мероприятий на дату его проведения.";высокий;critical;актуальный;smoke;e2e;"activities;smoke";"Нажать «Подробнее» на карточке мероприятия. | Открывается карточка: название, дата, время, кнопка «Записаться», адрес, уровень, форма обучения, участники, ссылка на мероприятия организатора и контакты организации.
Открыть раздел «Описание». | Отображается описание мероприятия и заполненные подразделы, в том числе план и цели.
Открыть раздел «Документы». | Отображается список документов мероприятия.
Открыть раздел «Соорганизаторы». | Отображаются данные соорганизатора мероприятия.
Открыть раздел «Пресс-релиз». | Отображается пресс-релиз мероприятия.
Открыть раздел «Пост-релиз». | Отображается пост-релиз мероприятия."
NAVI2E-200: Сайт. Мероприятия. Подача заявки;Позитивное тестирование записи на опубликованное мероприятие. Mobile First.;"Пользователь авторизован, в профиле есть ребёнок.
Есть опубликованное мероприятие на будущую дату с открытой записью.
Открыта карточка этого мероприятия.";высокий;critical;актуальный;smoke;e2e;"activities;smoke";"Нажать кнопку «Записаться». | Открывается форма «Оформление заявки»: организатор, адрес, участники, дата, время и список детей.
Отметить подходящего ребёнка. | Ребёнок выбран, кнопка «Записаться» доступна.
Нажать кнопку «Записаться». | Появляется сообщение, что заявка принята и будет обработана.
Закрыть уведомление. | Пользователь возвращается на карточку мероприятия."
NAVI2E-423: Сайт. Блог. Просмотр записи;Позитивное тестирование открытия опубликованной записи блога с публичного сайта. Mobile First.;"На сайте есть опубликованная запись блога.
Открыта главная страница публичного сайта.";высокий;critical;актуальный;smoke;e2e;"news;smoke";"Найти в блоке новостей кнопку «Все новости». | Кнопка «Все новости» доступна.
Нажать «Все новости». | Открывается раздел «Блог» со списком записей. У записи есть кнопка «Прочитать».
Нажать «Прочитать» у опубликованной записи. | Открывается запись: заголовок, дата публикации и текст. Доступны комментарий к записи и переход к другим записям."
NAVI2E-424: Сайт. Блог. Комментарий к записи;Позитивное тестирование отправки комментария к опубликованной записи блога. Mobile First.;"Пользователь авторизован на сайте.
Открыта опубликованная запись блога, у которой можно оставить комментарий.";высокий;critical;актуальный;smoke;e2e;"news;smoke";"Нажать «Оставить комментарий». | Открывается форма комментария с полем текста и кнопкой «Отправить».
Нажать «Отправить», не заполняя текст. | Комментарий не отправляется. Под полем показано, что его нужно заполнить.
Ввести текст комментария. | Текст отображается в поле, кнопка «Отправить» доступна.
Нажать «Отправить». | Появляется сообщение, что комментарий принят и появится на сайте после модерации."
NAVI2E-425: Сайт. Блог. Запись в слайдере на главной;Позитивное тестирование показа опубликованной записи блога в слайдере главной страницы и перехода в неё. Mobile First.;"Опубликованная запись блога с изображением выведена в слайдер главной страницы.
Открыта главная страница публичного сайта.";высокий;critical;актуальный;smoke;e2e;"news;smoke";"Найти запись блога в слайдере новостей. | В слайдере видны изображение и заголовок записи. Доступна кнопка «Все новости».
Открыть эту запись из слайдера. | Открывается полная запись: заголовок, дата публикации и текст."
NAVI2E-426: Сайт. Блог. Навигация между записями;Позитивное тестирование перехода к соседним записям блога и к полному списку. Mobile First.;"На сайте опубликовано несколько записей блога.
Открыта одна из записей, у которой есть соседняя запись.";высокий;critical;актуальный;smoke;e2e;"news;smoke";"Просмотреть навигацию внизу записи. | Доступны «Предыдущая запись», «Все записи» и «Следующая запись». Если соседней записи нет, соответствующая кнопка неактивна.
Нажать «Следующая запись» или «Предыдущая запись», если кнопка активна. | Открывается соседняя опубликованная запись.
Нажать «Все записи». | Открывается раздел «Блог» со списком опубликованных записей."
NAVI2E-427: Сайт. Блог. Поделиться записью;Позитивное тестирование кнопок «Поделиться» на странице записи блога. Mobile First.;Открыта опубликованная запись блога.;высокий;critical;актуальный;smoke;e2e;"news;smoke";"Найти на странице записи блок «Поделиться». | Отображаются кнопки социальных сетей.
Нажать кнопку одной из социальных сетей. | Открывается окно этой сети для публикации ссылки на запись."
NAVI2E-442: Сайт. Программа. Отзыв;Позитивное тестирование отправки отзыва на программу, на которой обучается ребёнок пользователя. Mobile First.;"Пользователь авторизован на сайте.
Ребёнок пользователя обучается на опубликованной программе.
Открыта карточка этой программы.";высокий;critical;актуальный;smoke;e2e;"programs;smoke";"Открыть раздел «Отзывы». | Отображаются рейтинг программы и кнопка «Написать отзыв».
Нажать «Написать отзыв». | Открывается форма «Отзыв»: оценка программы, комментарий и кнопка «Отправить».
Нажать «Отправить», не выбирая оценку и не заполняя комментарий. | Отзыв не отправляется. Форма просит выбрать оценку и заполнить комментарий.
Выбрать оценку и ввести текст комментария. | Оценка и текст отображаются в форме, кнопка «Отправить» доступна.
Нажать «Отправить». | Появляется сообщение, что отзыв принят и появится на сайте после модерации. Доступна кнопка «Понятно»."
NAVI2E-713: Сайт. Программа. Просмотр педагогов;Позитивное тестирование отображения педагога на карточке опубликованной программы. Mobile First.;"На сайте есть опубликованная программа.
В группе этой программы указан педагог.
Открыта карточка программы.";высокий;critical;актуальный;smoke;e2e;"programs;smoke";"Просмотреть параметры выбранной группы. | В параметрах группы указан преподаватель.
Открыть страницу этого педагога из карточки программы. | Отображаются фото, имя педагога, достижения и группы, в которых он преподаёт."
NAVI2E-714: Сайт. Программа. Все программы педагога;Позитивное тестирование списка опубликованных программ педагога. Mobile First.;"Педагог указан в группах нескольких опубликованных программ.
Открыта страница этого педагога.";высокий;critical;актуальный;smoke;e2e;"programs;smoke";"Открыть список программ педагога. | В списке есть опубликованные программы, в группах которых указан этот педагог.
Открыть карточку одной программы из списка. | Открывается карточка выбранной программы."
NAVI2E-727: Сайт. Личный кабинет. Умный навигатор;Позитивное тестирование доступа к профтесту умного навигатора после добавления ребёнка. Mobile First.;"Пользователь авторизован на сайте.
В профиле пока нет обучающегося.
Открыт личный кабинет.";высокий;critical;актуальный;smoke;e2e;"cabinet;smoke";"Открыть раздел «Кабинет». | Рекомендации умного навигатора не показаны. На странице указано, что для них нужно пройти тест-игру.
Добавить профиль обучающегося с валидными данными. | В разделе «Обучающиеся» появляется профиль ребёнка и кнопка «Пройти проф. тест».
Нажать «Пройти проф. тест». | Открывается тест умного навигатора для этого ребёнка."
NAVI2E-745: Сайт. Личный кабинет. Дубль ребёнка с тем же СНИЛС;Негативное тестирование создания второго профиля обучающегося с СНИЛС, который уже есть у ребёнка. Mobile First.;"Пользователь авторизован на сайте.
В системе уже есть ребёнок с заполненным СНИЛС.
Известен этот СНИЛС.
Открыта форма добавления профиля обучающегося.";высокий;major;актуальный;functional;e2e;"cabinet;functional";"Заполнить обязательные поля валидными данными и указать СНИЛС уже существующего ребёнка. | Значения отображаются в форме. Кнопка «Добавить профиль обучающегося» доступна для нажатия.
Нажать «Добавить профиль обучающегося». | Второй профиль не создаётся. Система предупреждает, что ребёнок с таким СНИЛС уже есть.
Вернуться к списку обучающихся и найти ребёнка по этому СНИЛС. | В списке один профиль с этим СНИЛС."
NAVI2E-746: Сайт. Личный кабинет. Валидация СНИЛС и даты рождения;Негативное тестирование формы обучающегося: неверный СНИЛС и недопустимая дата рождения. Mobile First.;"Пользователь авторизован на сайте.
Открыта форма добавления профиля обучающегося.
Остальные обязательные поля заполнены валидными данными.";высокий;major;актуальный;functional;e2e;"cabinet;functional";"Ввести СНИЛС с неверной контрольной суммой и нажать «Добавить профиль обучающегося». | Профиль не создаётся. Поле СНИЛС подсвечено ошибкой.
Ввести в СНИЛС буквы или номер короче маски и снова нажать кнопку добавления. | Профиль не создаётся. Поле не принимает значение либо показывает ошибку формата.
Указать дату рождения в будущем и нажать кнопку добавления. | Профиль не создаётся. Под датой рождения показано «Введите корректный возраст».
Указать дату рождения, при которой возраст выходит за допустимый диапазон, и нажать кнопку добавления. | Профиль не создаётся. Под датой рождения показано «Введите корректный возраст»."
NAVI2E-811: Сайт. Мероприятия. Черновик и архив не отображаются;Проверка, что в календаре и поиске видны только опубликованные мероприятия. Mobile First.;"Есть мероприятие в статусе черновика, мероприятие в архиве и опубликованное мероприятие.
Известны их названия.
Открыт календарь мероприятий.";высокий;critical;актуальный;smoke;e2e;"activities;smoke";"Найти в календаре и через поиск мероприятие в статусе черновика. | Черновик не отображается в календаре и в результатах поиска.
Найти в календаре и через поиск мероприятие в архиве. | Архивное мероприятие не отображается в календаре и в результатах поиска.
Открыть в календаре дату опубликованного мероприятия. | Опубликованное мероприятие есть в списке этой даты."
NAVI2E-851: Сайт. Программа. Обновление расписания;Проверка, что изменённое в админке расписание группы видно на карточке программы. Mobile First.;"Есть опубликованная программа с группой, у которой заполнено расписание.
Известны дни и время занятий до изменения.";высокий;critical;актуальный;smoke;e2e;"programs;smoke";"В админке изменить дни или время расписания этой группы и сохранить. | Новое расписание сохранено.
Обновить карточку программы на публичном сайте и открыть параметры этой группы. | В блоке расписания отображаются сохранённые дни и время. Период освоения остаётся прежним."
NAVI2E-852: Сайт. Программа. Группа без расписания;Проверка карточки опубликованной программы, у группы которой не заполнено расписание. Mobile First.;"Есть опубликованная программа с группой без дней, времени и периода освоения.
Открыта карточка этой программы.";высокий;critical;актуальный;smoke;e2e;"programs;smoke";Открыть параметры этой группы. | Карточка открывается без сбоя вёрстки. Расписание и период освоения пустые или помечены как не указанные. Остальные заполненные параметры группы видны.
NAVI2E-853: Сайт. Мероприятия. Список на выбранную дату;Позитивное тестирование перехода из календаря к списку мероприятий дня и возврата в календарь. Mobile First.;"На дату в текущем месяце есть опубликованные мероприятия, у дня в календаре есть счётчик.
Открыт календарь мероприятий.";высокий;critical;актуальный;smoke;e2e;"activities;smoke";"Нажать день со счётчиком мероприятий. | Открывается список мероприятий этой даты. Число карточек совпадает со счётчиком дня. У карточки есть краткое описание и кнопка «Подробнее». Доступен возврат в календарь.
Нажать «Подробнее» у мероприятия из списка. | Открывается карточка мероприятия. Дата проведения совпадает с выбранным днём.
Вернуться к списку дня и нажать «Вернуться в календарь мероприятий». | Открывается календарь того же месяца."
NAVI2E-854: Сайт. Мероприятия. Цветовая маркировка календаря;Позитивное тестирование цветовой маркировки дней с мероприятиями в календаре. Mobile First.;"Есть опубликованные мероприятия на прошедшую и на будущую даты текущего месяца.
Открыт календарь текущего месяца.";высокий;critical;актуальный;smoke;e2e;"activities;smoke";Просмотреть маркировку дней в календаре. | Текущий день выделен. У будущих дат с мероприятиями зелёная иконка и количество, у прошедших — красная. У дней без мероприятий счётчика нет.
NAVI2E-855: Сайт. Мероприятия. Фильтр календаря по разделу;Позитивное тестирование пересчёта календаря после фильтра по разделу. Mobile First.;"Опубликованы мероприятия разных разделов.
Открыт календарь мероприятий.";высокий;critical;актуальный;smoke;e2e;"activities;smoke";"В панели фильтрации выбрать раздел и нажать «Применить». | Счётчики дней пересчитаны по мероприятиям выбранного раздела. «Сбросить всё» доступно.
Открыть день, у которого после фильтра остался счётчик. | В списке даты только мероприятия выбранного раздела. Число карточек совпадает со счётчиком дня."
NAVI2E-856: Сайт. Мероприятия. Фильтр сохраняется при смене месяца;Позитивное тестирование сохранения фильтра календаря при переходе между месяцами. Mobile First.;"Опубликованы мероприятия в текущем и соседнем месяце.
В календаре применён фильтр, например по разделу.
Открыт календарь мероприятий.";высокий;critical;актуальный;smoke;e2e;"activities;smoke";"Перейти к следующему месяцу стрелкой или списком месяца. | Календарь показывает следующий месяц. Выбранный фильтр остаётся применённым, счётчики учитывают его.
Вернуться к предыдущему месяцу. | Календарь показывает исходный месяц. Фильтр по-прежнему применён, счётчики соответствуют отфильтрованным мероприятиям."
NAVI2E-857: Сайт. Мероприятия. Сброс фильтров календаря;Позитивное тестирование сброса применённых фильтров календаря мероприятий. Mobile First.;"В календаре применены несколько фильтров.
Открыта панель фильтрации.";высокий;critical;актуальный;smoke;e2e;"activities;smoke";Нажать «Сбросить всё». | Условия фильтрации очищены. Счётчики календаря снова показывают все опубликованные мероприятия текущего месяца.
